{
  "status": "ok",
  "score": -206.83333333333334,
  "instance_bins": {
    "u500_14": 214,
    "u500_15": 208,
    "u500_16": 209,
    "u500_17": 203,
    "u500_18": 206,
    "u500_19": 201
  },
  "dataset": "OR3 test",
  "instances": [
    "u500_14",
    "u500_15",
    "u500_16",
    "u500_17",
    "u500_18",
    "u500_19"
  ],
  "source_log_dir": "logs/full_dedup-no_temp-200samples",
  "cutoff": 200,
  "best_sample_order": 54,
  "best_search_score": -209.35714285714286
}
